{
    "dynamicPatrolChnge": 10,
    "dynamicFirst": true,
    "NormalTime": [
        62.24504852294922,
        400.5684814453125,
        103.90380859375
    ],
    "DynamicTime": [
        131.67926025390626,
        82.61678314208985,
        46.26137924194336
    ],
    "NormalDeadNum": [
        0,
        11,
        1
    ],
    "DynamicDeadNum": [
        1,
        0,
        0
    ],
    "NormalThrowNum": [
        3,
        8,
        8
    ],
    "DynamicThrowNum": [
        3,
        1,
        6
    ]
}