{
    "dynamicPatrolChnge": 7,
    "dynamicFirst": false,
    "NormalTime": [
        38.53411102294922,
        55.55681610107422,
        100.2031478881836
    ],
    "DynamicTime": [
        152.3428955078125,
        38.71944808959961,
        43.30596923828125
    ],
    "NormalDeadNum": [
        0,
        0,
        1
    ],
    "DynamicDeadNum": [
        2,
        0,
        0
    ],
    "NormalThrowNum": [
        2,
        3,
        3
    ],
    "DynamicThrowNum": [
        5,
        4,
        1
    ]
}