{
    "dynamicPatrolChnge": 10,
    "dynamicFirst": false,
    "NormalTime": [
        103.21007537841797,
        193.56594848632813,
        196.22715759277345
    ],
    "DynamicTime": [
        78.19689178466797,
        136.7433319091797,
        60.23258972167969
    ],
    "NormalDeadNum": [
        1,
        2,
        5
    ],
    "DynamicDeadNum": [
        1,
        1,
        0
    ],
    "NormalThrowNum": [
        1,
        2,
        2
    ],
    "DynamicThrowNum": [
        3,
        4,
        1
    ]
}