{
    "dynamicPatrolChnge": 4,
    "dynamicFirst": true,
    "NormalTime": [
        212.0334014892578,
        54.01295471191406,
        208.79075622558595
    ],
    "DynamicTime": [
        56.557159423828128,
        79.04267120361328,
        126.35267639160156
    ],
    "NormalDeadNum": [
        3,
        0,
        3
    ],
    "DynamicDeadNum": [
        0,
        0,
        1
    ],
    "NormalThrowNum": [
        0,
        0,
        0
    ],
    "DynamicThrowNum": [
        0,
        0,
        0
    ]
}