{
    "dynamicPatrolChnge": 8,
    "dynamicFirst": true,
    "NormalTime": [
        186.5313720703125,
        259.94403076171877,
        56.15858840942383
    ],
    "DynamicTime": [
        320.1715087890625,
        97.32284545898438,
        86.04647064208985
    ],
    "NormalDeadNum": [
        3,
        1,
        1
    ],
    "DynamicDeadNum": [
        3,
        1,
        0
    ],
    "NormalThrowNum": [
        0,
        0,
        0
    ],
    "DynamicThrowNum": [
        0,
        0,
        0
    ]
}