{
    "dynamicFirst": true,
    "NormalTime": [
        69.13806915283203,
        -83.3992919921875,
        -136.50335693359376
    ],
    "DynamicTime": [
        96.23062896728516,
        -191.47988891601563,
        -129.77890014648438
    ],
    "NormalDeadNum": [
        1,
        5,
        5
    ],
    "DynamicDeadNum": [
        0,
        5,
        5
    ],
    "NormalThrowNum": [
        5,
        4,
        3
    ],
    "DynamicThrowNum": [
        0,
        1,
        5
    ]
}